date,M1,M2,M3
1985-01-31,35505.98086021168,38310.98086021168,51849.96664781392
1985-02-28,36672.96511095943,39528.96511095943,53412.65705748312
1985-03-31,36866.38743205121,39712.38743205121,53608.8783775322
1985-04-30,37507.74790981057,40424.74790981057,54734.62234255604
1985-05-31,37996.18935040584,40941.18935040584,55708.648792078005
1985-06-30,39455.848315778305,42408.848315778305,57522.17882737696
1985-07-31,39983.9879924847,42938.9879924847,58109.83133742085
1985-08-31,40454.4749480435,43443.4749480435,58730.86170087515
1985-09-30,39603.661002942805,42619.661002942805,58846.16701265657
1985-10-31,39823.32043225161,42861.32043225161,59284.12490740528
1985-11-30,39867.01895867486,42957.01895867486,59285.13635750863
1985-12-31,41075.03352944726,44211.03352944726,61006.62443340312
1986-01-31,41108.902174819144,44317.902174819144,61857.25397031691
1986-02-28,42351.04663455103,45628.04663455103,63571.66189548798
1986-03-31,42549.65341647492,45864.65341647492,64244.276214212914
1986-04-30,44179.48176526214,47578.48176526214,66446.20308919664
1986-05-31,44642.70741433733,48183.70741433733,67756.03097302941
1986-06-30,46705.264218273616,50292.264218273616,69980.20975028674
1986-07-31,49073.98412744597,52727.98412744597,71783.62528455224
1986-08-31,48994.826505556026,52764.826505556026,72038.51071059538
1986-09-30,47974.921581307455,51836.921581307455,71787.67108496562
1986-10-31,51561.38000333631,55536.38000333631,73284.61723791735
1986-11-30,51601.236879995915,55658.236879995915,71452.88110075818
1986-12-31,48764.023790769104,52924.023790769104,70868.26294102432
1987-01-31,49449.60451471855,53891.60451471855,72317.6709391188
1987-02-28,53733.24272762606,58360.24272762606,73100.53331910842
1987-03-31,49654.22162057937,54499.22162057937,72760.68608438424
1987-04-30,50540.35603461577,55554.35603461577,73655.81942584526
1987-05-31,51535.711943239396,56754.711943239396,75028.35721608545
1987-06-30,51463.746045238164,56684.746045238164,74487.23141079547
1987-07-31,53049.6668533967,58380.6668533967,76154.10118110929
1987-08-31,53725.71377199113,59169.71377199113,76698.26133670931
1987-09-30,52389.24692013857,57957.24692013857,76263.33779227063
1987-10-31,51927.981277342864,57605.981277342864,76047.89892025798
1987-11-30,51754.512654956925,57514.512654956925,76683.08958515912
1987-12-31,53232.08865990219,59123.08865990219,77979.7686176484
1988-01-31,56235.09907611403,62343.09907611403,78732.28749453764
1988-02-29,56670.57080144594,63041.57080144594,79669.90174033916
1988-03-31,57705.89565830963,64201.89565830963,80605.493085934
1988-04-30,58765.399626845494,65385.399626845494,81658.41264351695
1988-05-31,58930.37376362293,65658.37376362292,82502.97347981065
1988-06-30,65841.05650729334,72591.05650729334,89398.02883431873
1988-07-31,61728.01784091239,68609.01784091239,85778.04891444424
1988-08-31,61377.07558259043,68417.07558259042,85573.73599356839
1988-09-30,62616.54588362672,69769.54588362672,86868.39212585097
1988-10-31,63146.15590944387,70447.15590944387,88686.97941166666
1988-11-30,62466.40237549412,69919.40237549413,87571.34994767628
1988-12-31,63802.1041014144,71375.1041014144,89703.48676552915
1989-01-31,61364.25820890611,69215.2582089061,91270.22297561174
1989-02-28,61401.60678813582,69531.60678813582,91869.00143679243
1989-03-31,62284.65429464289,70475.65429464288,93170.73771979843
1989-04-30,62012.08319881837,70341.08319881838,93406.405593878
1989-05-31,63183.85512600118,71621.85512600117,94157.9130206639
1989-06-30,63833.09721526712,72300.09721526712,94512.93200693825
1989-07-31,66730.15505306821,75417.15505306821,97400.62205199042
1989-08-31,66575.47372299548,75390.47372299548,97851.72879808262
1989-09-30,65213.23853855477,74120.23853855477,97032.45421437256
1989-10-31,65401.83404970895,74487.83404970895,97863.86619932277
1989-11-30,66160.07376905493,75402.07376905493,99165.60248232877
1989-12-31,67566.89881602822,76883.89881602822,101177.3767378835
1990-01-31,74066.44280137027,83697.44280137027,102560.02902915716
1990-02-28,74663.35434783077,84613.35434783077,103846.59356061298
1990-03-31,74984.0951629873,85038.0951629873,104685.08569628661
1990-04-30,76142.44685648437,86334.44685648437,106255.86770678258
1990-05-31,78194.92232266895,88488.92232266895,107222.81400558114
1990-06-30,80012.37515596277,90310.37515596277,109781.78276704592
1990-07-31,82304.10476721165,92844.10476721165,111621.61050503186
1990-08-31,84228.90005776349,95015.90005776349,113723.40381978436
1990-09-30,84479.69834541334,95371.69834541334,113208.57571718136
1990-10-31,85851.75448433956,96956.75448433956,115228.44157356286
1990-11-30,87029.92362149138,98355.92362149138,116547.37250832573
1990-12-31,90055.58647554493,101546.58647554493,120394.92870145303
1991-01-31,91017.83930441816,102801.83930441816,121753.30619024638
1991-02-28,82675.05025211959,94779.05025211959,122614.05022819364
1991-03-31,83910.27621804907,96186.27621804907,124937.35111557884
1991-04-30,84095.5304618954,96654.5304618954,125897.21726365398
1991-05-31,84596.97727076837,97182.97727076837,126792.35060511499
1991-06-30,87816.92334255896,100524.92334255896,129983.47568117086
1991-07-31,90444.1051611381,103374.1051611381,132978.37943717767
1991-08-31,90864.44564578272,103987.44564578272,134477.3484903361
1991-09-30,90047.84023914183,103397.84023914183,134686.71866172866
1991-10-31,89282.7684433831,103037.7684433831,135223.79866660526
1991-11-30,89760.01195382915,103643.01195382915,136496.20289661424
1991-12-31,92768.60887327259,106819.60887327259,141463.43435414528
1992-01-31,91944.59142278934,106313.59142278934,140480.3048536932
1992-02-29,92545.21704741125,107196.21704741125,142291.81198878548
1992-03-31,93626.46976302395,108342.46976302395,143231.4491347937
1992-04-30,94125.2147536714,108991.2147536714,144403.71980457142
1992-05-31,93969.00841287052,108712.00841287052,144500.81901449262
1992-06-30,94112.67548430628,108796.67548430628,144697.0403345417
1992-07-31,97968.46413356031,112673.46413356031,148531.4476763255
1992-08-31,98998.80785849274,113624.80785849274,150761.6951542029
1992-09-30,98073.84853720268,112707.84853720268,150345.9891617278
1992-10-31,97426.3940796604,112263.3940796604,151361.48506548695
1992-11-30,96162.92784131851,111017.92784131851,151009.50042952262
1992-12-31,98972.21042130463,113885.21042130463,154815.58716841272
1993-01-31,96388.58810640482,111457.58810640482,152566.12213857175
1993-02-28,96332.10012542551,111633.10012542551,153721.1981565926
1993-03-31,97930.34871436894,113221.34871436894,155045.1863418722
1993-04-30,96758.6064677497,112188.6064677497,154350.3201208737
1993-05-31,98810.43569724253,114242.43569724253,157025.60564422322
1993-06-30,99017.10633823251,114471.10633823251,157178.33460982842
1993-07-31,102444.75949979544,118048.75949979544,159810.1277787341
1993-08-31,102967.19025625114,118530.19025625114,160135.81471201146
1993-09-30,100583.94179716735,116189.94179716735,159712.01711870957
1993-10-31,101158.22382365816,117012.22382365816,162228.50497583384
1993-11-30,100335.84670445122,116248.84670445122,163380.54664354466
1993-12-31,103641.73251288783,119600.73251288783,167620.54547677012
1994-01-31,101677.25108661779,117951.25108661779,167016.70976507268
1994-02-28,103891.24830979262,120500.24830979262,169732.45329255605
1994-03-31,104659.90501476856,121430.90501476856,170927.98731471074
1994-04-30,105381.76383474507,122435.76383474507,171508.55967403122
1994-05-31,107228.5106664703,124480.5106664703,172862.8913624112
1994-06-30,109166.56218873626,126539.56218873626,174341.6314135027
1994-07-31,113966.34524523246,131619.34524523246,178969.01563630957
1994-08-31,115113.010554368,132919.010554368,181116.32420571265
1994-09-30,112759.43061748189,130711.43061748189,180838.17542729256
1994-10-31,112589.25124889202,130777.25124889202,181777.81257330076
1994-11-30,112826.49368844151,131221.49368844152,182240.04527052978
1994-12-31,115120.85546537678,133805.85546537678,185432.18179668902
1995-01-31,115181.58435850758,134145.5843585076,186138.17396882435
1995-02-28,116672.43009165928,135906.43009165928,187828.30709151513
1995-03-31,115040.82304810127,134737.82304810127,187549.1468629917
1995-04-30,115253.81654470018,135224.81654470018,187525.88351061475
1995-05-31,116753.6485256147,136897.6485256147,189870.42485017024
1995-06-30,116418.77319685512,136615.77319685512,190127.33317642004
1995-07-31,119381.07413370677,139809.07413370677,193415.55746239715
1995-08-31,120993.14493327486,141583.14493327486,195187.6180434589
1995-09-30,120187.04524998984,140924.04524998984,195825.84305867009
1995-10-31,118913.64353248547,139998.64353248547,195739.8697998857
1995-11-30,118414.4513618458,139645.4513618458,196794.81225767534
1995-12-31,121111.53274046935,142390.53274046935,200526.05168891785
1996-01-31,120119.72585331879,141538.72585331879,199184.8688518814
1996-02-29,120319.69640223235,141951.69640223234,200173.0556028502
1996-03-31,119976.60425252431,141800.60425252432,199666.31910107395
1996-04-30,121122.75376185791,143138.75376185792,200474.4677336472
1996-05-31,120741.43616950401,142762.436169504,200719.2386586569
1996-06-30,123323.66431207495,145318.66431207495,203148.74180689343
1996-07-31,126611.10713890204,148897.10713890204,207018.54990229433
1996-08-31,127347.52414532332,149812.52414532332,208464.92355007876
1996-09-30,126851.62004198629,149469.6200419863,209921.41169889667
1996-10-31,125424.57682440305,148427.57682440305,209728.22472915764
1996-11-30,126501.24554504556,149603.24554504556,210747.76643333017
1996-12-31,127982.36318279403,151448.363182794,213964.17776196968
1997-01-31,128178.58921792846,151821.58921792847,215582.4979273229
1997-02-28,128500.23057683857,152459.23057683857,216649.5777863527
1997-03-31,128714.3385240867,152805.3385240867,218246.65749953565
1997-04-30,129779.81126348625,154233.81126348625,219506.92432830448
1997-05-31,128165.0968260362,152647.0968260362,217682.2683418687
1997-06-30,134547.88546251078,159094.88546251078,225045.62509422586
1997-07-31,134348.94026809034,159165.94026809034,224972.800686785
1997-08-31,135272.53344800844,160198.53344800844,225631.25470406306
1997-09-30,134158.69783881048,159312.69783881048,226127.87670480585
1997-10-31,134468.37936318744,160113.37936318744,228735.39507123124
1997-11-30,134436.96576917567,160227.96576917567,229451.50174440004
1997-12-31,137200.66101537895,163183.66101537895,233608.56166915112
1998-01-31,135007.5514197428,161460.5514197428,231154.78371843428
1998-02-28,134409.06012215203,161374.06012215203,231664.55457052056
1998-03-31,135750.38428061485,162918.38428061485,233865.46999540096
1998-04-30,136154.02689745327,163812.02689745327,234205.31723012513
1998-05-31,136875.54366228206,164642.54366228206,234854.6681964731
1998-06-30,140407.06473311756,168271.06473311756,239509.3615720703
1998-07-31,145626.94432261353,173810.94432261353,243658.32989599463
1998-08-31,146515.34732907542,174922.34732907542,244264.18850789874
1998-09-30,148078.87794197217,176780.87794197217,246531.85963959995
1998-10-31,145795.48776004207,174993.48776004207,244422.98617412403
1998-11-30,144900.71374687282,174224.71374687282,244910.5051239367
1998-12-31,146471.90863295022,175994.90863295022,247713.23336030782
1999-01-31,148858.7826054346,178891.7826054346,251007.52634690495
1999-02-28,147852.9017494251,178082.9017494251,249099.93145199484
1999-03-31,150681.2529904413,181361.2529904413,253345.99898584036
1999-04-30,147842.7966568689,179072.7966568689,252129.2245115154
1999-05-31,148796.61539523094,180200.61539523094,252669.33886670205
1999-06-30,153000.10339781299,184525.10339781299,258213.09688314018
1999-07-31,160580.31142364384,192468.31142364384,267021.81583317847
1999-08-31,158218.88564826443,190369.88564826443,265353.93461276125
1999-09-30,156628.68754912564,189086.68754912564,265480.3658756795
1999-10-31,156156.0414603116,189042.0414603116,267947.2926777398
1999-11-30,156153.83249313795,189122.83249313795,267413.24702317326
1999-12-31,161998.2242149277,195067.2242149277,273077.28861372516
2000-01-31,158791.3260331361,192396.3260331361,271083.79944821505
2000-02-29,160108.19383894978,194116.19383894978,272642.4440574708
2000-03-31,161294.4711210297,195625.4711210297,273847.08113055566
2000-04-30,161014.14223370398,195469.14223370398,272735.4974669787
2000-05-31,160856.0353084787,195335.0353084787,274123.20700876904
2000-06-30,165901.40463920622,200209.40463920622,279335.20939130976
2000-07-31,168161.87940221958,202611.87940221958,282836.8496490928
2000-08-31,170618.56161638667,205151.56161638667,285296.6963004297
2000-09-30,171925.8068306026,206558.8068306026,287754.5200515599
2000-10-31,168786.86328659413,203730.86328659413,286297.0204526387
2000-11-30,167441.8978997556,202436.8978997556,287584.59643419785
2000-12-31,173711.43351980016,208951.43351980016,296481.3115432272
2001-01-31,169547.29338919124,205278.29338919124,293122.2857500159
2001-02-28,174430.09673091033,210265.09673091033,297891.27298729116
2001-03-31,177022.25754195033,213236.25754195033,301530.47045912925
2001-04-30,176125.52439836264,212780.52439836264,302016.9779588386
2001-05-31,178936.9695178553,216012.9695178553,308263.69379710197
2001-06-30,183973.76498425286,221193.76498425286,310737.7007498857
2001-07-31,189529.86567929073,227159.86567929073,315941.61153159966
2001-08-31,192441.141699675,230304.141699675,320555.84690306307
2001-09-30,192262.17888751498,230508.17888751498,321448.95734431734
2001-10-31,192712.0790724184,231543.0790724184,325542.2959125577
2001-11-30,194428.1901755057,233523.1901755057,329858.15350353403
2001-12-31,216087.77479193197,255902.99190106668,345819.9413482392
2002-01-31,210863.9542313728,251219.97052839684,342845.5475478542
2002-02-28,213737.18312151672,254503.104936423,346532.78640451893
2002-03-31,213996.21243428282,255040.53382649797,345996.74359894707
2002-04-30,214249.03725050655,255562.95545152487,345842.28835454513
2002-05-31,215180.34862622642,256608.7022569332,348447.2902244542
2002-06-30,222042.63656098454,263546.3852029295,352601.11804852297
2002-07-31,226443.71102584322,268198.1369513782,356348.79372033995
2002-08-31,230153.37030988853,272019.0775772135,363225.51103304623
2002-09-30,230083.23484185495,272224.9573349939,365273.9715136505
2002-10-31,228532.7822911904,271258.00743427215,365976.83419508755
2002-11-30,232611.2287955705,275508.09023723484,369694.5497208998
2002-12-31,243795.07440888023,287109.447324478,381494.3249968667
2003-01-31,242791.45458066504,286480.1876086322,382449.2803738983
2003-02-28,247047.78086348996,291159.24952587235,385986.6791220345
2003-03-31,245616.1970665712,289956.949690051,385738.91299932473
2003-04-30,243251.79075386887,287788.4143124522,383025.3304070941
2003-05-31,241311.41943045094,285983.2512973863,381055.95933180756
2003-06-30,246284.2057100645,291372.31149769033,381931.82765665813
2003-07-31,255631.4317253544,301023.3469652595,392612.82536637335
2003-08-31,258058.03197029734,303815.2920381018,395828.8137595081
2003-09-30,257499.12194080272,303847.05886109086,396281.6807413827
2003-10-31,259405.57376924215,306349.2402710739,404020.2940906561
2003-11-30,259145.3373855711,306537.7023872083,405105.12780884013
2003-12-31,268141.6909431892,316142.5272749212,411502.76250701
2004-01-31,268913.75504197134,317571.1070477,416590.07706953085
2004-02-29,269665.737247632,319167.8290712101,418442.0152609318
2004-03-31,270582.26537318516,320815.8104491989,422707.5861830098
2004-04-30,271130.59929908474,321935.7220297697,421734.3179406458
2004-05-31,272053.4458345389,323095.63665750745,425837.3939093967
2004-06-30,278047.81944885786,328792.8041862796,428353.73964186583
2004-07-31,285297.5021090883,336435.2102284642,434135.07710154797
2004-08-31,284740.5820006538,336331.2214133298,433761.8595230705
2004-09-30,284381.66985309415,336465.7622004287,433722.2970259608
2004-10-31,284365.33129924606,336957.9480590074,434332.8017214396
2004-11-30,285148.03457786964,337951.13392597635,439602.2524150896
2004-12-31,292291.6707557149,345505.86179323675,445879.62337682437
2005-01-31,293312.05690341734,347156.22404666356,458622.42415853636
2005-02-28,292173.0875499357,346556.7337454518,458100.72995712934
2005-03-31,298416.1389665131,353456.55049366166,464831.14187545265
2005-04-30,297105.0258681179,352484.3748372814,468517.87069215276
2005-05-31,294336.96140735154,349974.24279218505,469311.9386474091
2005-06-30,302555.4522945471,358578.8548620226,475016.34018461936
2005-07-31,310547.08263818396,366714.44513929717,479669.1542511317
2005-08-31,315200.52960203885,371934.9983985857,489188.5256947917
2005-09-30,319769.62437193864,377129.1050736412,493951.3046084272
2005-10-31,317219.6286218205,375296.3313588487,494599.16549287527
2005-11-30,318779.68938363605,377487.5488838836,499765.90163529903
2005-12-31,328899.5698600701,388328.6060044549,508563.0913588328
2006-01-31,328494.45777691586,388758.9511548414,511935.7570463646
2006-02-28,331851.83433137083,392863.3685610721,515750.0371459164
2006-03-31,337277.762854401,398623.3619443084,521558.50911752845
2006-04-30,338752.862736876,400533.3578342898,522904.087368134
2006-05-31,340276.75830780994,402244.6930227289,524767.1325412289
2006-06-30,348308.2936311707,410418.89015519945,533818.3753040677
2006-07-31,357472.5857998587,420174.2649657164,548810.6579786552
2006-08-31,362889.61542329856,426131.4974846974,558718.1915744895
2006-09-30,362104.5536516205,425978.4216581728,564375.5501062255
2006-10-31,361878.1464402131,426422.559090114,572537.5535243517
2006-11-30,367615.7326042386,432534.31622212194,584548.075655103
2006-12-31,385213.4315771745,450659.1374644776,600555.083282441
2007-01-31,386182.1298254631,452811.5934817398,598883.1754381735
2007-02-28,388462.3100454874,455604.96952618373,608429.7419823895
2007-03-31,394267.53618583875,462325.63684775383,624450.4807959665
2007-04-30,399558.9049473513,467713.77985239157,626754.4845508053
2007-05-31,403691.90917112154,472502.1149216506,635951.9526882408
2007-06-30,416494.00102814415,485628.0831883142,642325.1661807195
2007-07-31,434315.50523000304,503370.0271790788,661583.4484000963
2007-08-31,431872.95914303977,502007.6820233483,666229.5899565101
2007-09-30,433201.2208093385,504107.62555743096,673129.4266046749
2007-10-31,437811.2521183933,508758.27153624315,683173.3174666292
2007-11-30,440022.425652354,511404.3314752623,689158.1164048768
2007-12-31,457174.8626619406,529595.90514189,705935.2833530076
2008-01-31,451310.04211565014,524682.5139452987,705909.4981199328
2008-02-29,450735.8683976625,524944.3788859883,708320.1328973842
2008-03-31,460231.26102492,534959.8599077265,717498.4087595758
2008-04-30,457454.8415439984,532801.9601054877,721850.5272420157
2008-05-31,457728.2337698842,533523.5938849882,731142.6632944646
2008-06-30,472733.9171477866,549024.5665257573,751885.7540954065
2008-07-31,470999.1351118975,547681.6528034805,758235.0017631161
2008-08-31,474109.85495512636,551651.7203101371,767587.0775875589
2008-09-30,472608.3132998488,551004.3777050287,768948.7555397807
2008-10-31,470749.41898194805,549691.3043679922,773826.0120223933
2008-11-30,473846.3793968133,552925.9858258816,783033.840557385
2008-12-31,488877.00073322805,568746.1975441688,799905.7054547402
2009-01-31,469514.4179659004,550254.5896908913,788561.2668924651
2009-02-28,473790.9284051284,555140.6551061934,802953.9912118383
2009-03-31,476876.14667213487,559133.6441868852,806455.5401761477
2009-04-30,472346.48119907465,555184.6601942761,808353.6153614826
2009-05-31,478924.52895343327,561892.228599608,812571.647100006
2009-06-30,489323.068293269,572632.9435122868,821768.1184836734
2009-07-31,497344.9951295526,581455.4253723422,824447.8510385486
2009-08-31,498767.3020823299,583645.9390402714,825644.9446893296
2009-09-30,498516.1384217805,584132.4071467095,831220.411300166
2009-10-31,499154.7274228638,585354.6833398455,829852.5187741435
2009-11-30,507721.6457882273,594113.8694444118,838101.462776745
2009-12-31,525379.788210728,612715.4415051696,855954.890264195
2010-01-31,522447.55907720275,610549.5255502104,858143.4277968777
2010-02-28,518483.2929890249,607246.1754499157,855757.4346252452
2010-03-31,518720.67816800345,608010.7184711242,857185.860210539
2010-04-30,517413.19183129247,607105.0057133274,855472.3590888757
2010-05-31,523103.64869971527,613038.1811102312,864139.1654414744
2010-06-30,528646.4705326558,618567.6263742652,870722.2436494092
2010-07-31,531139.9103960278,621575.8792403915,872086.1009991623
2010-08-31,529339.1874187151,620613.4017597223,871463.2077657201
2010-09-30,532206.1409604948,624196.5002807578,872959.132893905
2010-10-31,529463.3417476751,621982.7858023506,872676.4935481627
2010-11-30,536817.0396481042,629903.1098774428,879555.3523207568
2010-12-31,549478.1637539852,643503.7169476202,891865.6708894839
2011-01-31,543223.8292192351,637935.8429047363,887900.0836846924
2011-02-28,545957.742089471,641131.8154981417,890679.5998105373
2011-03-31,549001.130274466,644847.3531206946,895757.8512827202
2011-04-30,547754.58916011,644504.6014765645,890288.8225780248
2011-05-31,546442.9625548599,643629.0817717302,900185.436782289
2011-06-30,560237.4775440069,658157.9129549707,907675.3588330911
2011-07-31,563038.13258023,661790.6956278911,911870.189799272
2011-08-31,563644.6565953069,663601.0855981271,914890.1222693656
2011-09-30,565197.65611676,665941.5710853861,914199.782247383
2011-10-31,562467.0589580601,663554.6580963187,915827.667273642
2011-11-30,567551.5596727501,669757.3240476556,926956.1967535942
2011-12-31,586777.1414071259,689691.5295353369,949287.0674905502
2012-01-31,578088.2033348901,681726.5895600045,937919.810309716
2012-02-29,575247.81407677,679803.8173299204,939656.1171698174
2012-03-31,582044.22680827,687545.5142904656,943345.576567542
2012-04-30,573576.95761532,679750.991390368,936009.0930969983
2012-05-31,573171.9613675,679502.248526182,934463.1097484624
2012-06-30,589821.2051550001,696400.937427855,957908.8846585631
2012-07-31,596727.78127792,704008.2308732267,954966.264515263
2012-08-31,593123.01759465,701192.7121649912,951489.698801135
2012-09-30,596491.06568247,705216.9798270976,955242.0742867715
2012-10-31,587968.82533858,697870.0104505233,948411.8842157333
2012-11-30,594621.10846328,705248.72362973,962472.2707884528
2012-12-31,612162.5001859999,723519.3463899378,992175.9625785244
2013-01-31,595232.8943579299,707560.8637081375,962789.2612172686
2013-02-28,596198.24006937,709296.8299032573,971814.6788138316
2013-03-31,595317.28663277,709542.4241423873,967966.0927109562
2013-04-30,595311.4053661501,710148.345121171,971395.2565540394
2013-05-31,600539.61103416,716030.1078319872,980466.2771766919
2013-06-30,621755.54545402,737639.0789762463,1004811.6702092716
2013-07-31,618738.6966561747,735687.7074694992,1010183.3078156342
2013-08-31,625453.7639587901,743270.0734281573,1012717.4654407506
2013-09-30,619502.1206662201,737832.446634609,1005953.1895202602
2013-10-31,617896.89599291,737720.7954164128,1005861.363099105
2013-11-30,618300.05100761,738523.3789845982,1000031.2216816385
2013-12-31,628940.9973426199,749262.6852035427,1022815.9734021632
2014-01-31,618392.98844063,740107.1126091352,994399.8789498381
2014-02-28,619193.30202167,741809.3460118289,997914.4124774296
2014-03-31,624182.82058333,747655.4070867038,1001816.7354815113
2014-04-30,631878.5095088701,756027.9047172164,1011410.4649434944
2014-05-31,626022.87916309,750397.997588488,1025788.9778068159
2014-06-30,637764.10263846,762678.6592329466,1041829.7593762329
2014-07-31,641883.58100056,768126.7769894857,1047483.3769371153
2014-08-31,641988.3607045601,768812.7766473643,1052188.4140122784
2014-09-30,649671.51985382,776822.7468638016,1058885.3078272298
2014-10-31,649525.5944495699,778409.962349118,1056703.292049191
2014-11-30,646438.13848146,775757.3903402807,1057864.631571532
2014-12-31,660583.7454143399,790615.6713995073,1086226.9870723402
2015-01-31,647427.1151672,778544.1059373105,1063843.0220635044
2015-02-28,645879.1140868501,777817.5621452453,1069346.566061589
2015-03-31,652005.32601023,784582.7924918929,1074169.020132936
2015-04-30,652440.0910534,785445.7262279817,1080486.479348104
2015-05-31,659097.5204974599,792274.6878342705,1082225.542869514
2015-06-30,669288.45015422,803355.4214670022,1110555.4420151573
2015-07-31,676752.4284534,811637.9462070704,1106884.2488900903
2015-08-31,681854.5696605099,817163.0543848705,1117013.5863359484
2015-09-30,685528.3829841199,821940.1234088386,1114225.347585423
2015-10-31,679849.36380062,817276.6500993596,1115839.0898464948
2015-11-30,682347.0401423799,820167.8422832515,1122085.1649820001
2015-12-31,707057.53671603,845456.9455834301,1148038.7558453907
2016-01-31,687254.9587189,826864.6007038238,1115285.4603792182
2016-02-29,698034.89291848,838238.484137792,1129975.6156603054
2016-03-31,702220.90828619,843271.6722093564,1133316.3259026778
2016-04-30,703055.98109199,844280.0925514941,1136641.672019044
2016-05-31,704245.1518605701,845537.0389660073,1139341.4272926766
2016-06-30,724183.6259784701,866102.9328500999,1165254.1267138696
2016-07-31,724789.8873115601,867428.4483804295,1161830.3447920422
2016-08-31,724848.35643032,868166.8085833024,1178563.3716064366
2016-09-30,730712.06255586,875346.2287702168,1180132.2005405705
2016-10-31,729554.79806804,874716.5939594789,1176752.4955237878
2016-11-30,730055.0132805699,875732.9764743925,1180930.012656411
2016-12-31,751883.25831434,898087.711579485,1202413.5747644112
2017-01-31,744801.10154139,891694.3483842987,1194051.4516890987
2017-02-28,746205.26681252,893577.3616050908,1191017.3938221578
2017-03-31,753162.54904504,900868.3231691149,1197263.2535293228
2017-04-30,754540.7593486201,902483.3243689868,1202151.4738454001
2017-05-31,751313.98386012,899447.1827770275,1203099.4854230992
2017-06-30,769449.58192729,918650.3683881826,1219838.9285475023
2017-07-31,769253.11340009,918923.5653101301,1223710.7836648456
2017-08-31,781585.2714591599,931990.4704116045,1237942.4069416616
2017-09-30,790944.35048593,942828.4517009184,1243757.051754368
2017-10-31,781901.00787884,934593.6008767125,1241848.7275299968
2017-11-30,785682.1986978201,938893.0906043658,1254813.9963730748
2017-12-31,811024.33655228,964903.6581697706,1269097.2767540722
2018-01-31,797187.77014035,951872.2846089995,1250042.7083776994
2018-02-28,799773.12196981,954806.888723823,1252850.0700507357
2018-03-31,811368.9496330901,966998.7916318933,1266413.9116993963
2018-04-30,807748.8324174801,963385.1379176992,1258526.7416817616
2018-05-31,810441.7140453,966476.2361121271,1267712.3573817024
2018-06-30,829517.1463558001,986335.5593555947,1276792.4586561066
2018-07-31,826563.27302413,983475.0624690852,1280063.1502680045
2018-08-31,834727.14606577,992376.5720016578,1292222.190808048
2018-09-30,838732.29996653,996911.0597002723,1288806.1382929669
2018-10-31,827728.9837951001,986440.0209343176,1299670.5100389498
2018-11-30,834723.19605453,993709.4950874841,1301462.440040466
2018-12-31,858696.8019255,1017887.5378409447,1320624.2691765777
2019-01-31,837977.01977717,998127.5394751317,1305911.2487432708
2019-02-28,839301.36670353,999715.2393900668,1309048.7851125668
2019-03-31,849615.54877966,1010491.2278513022,1314540.3560744114
2019-04-01,845477.19245254,1006665.4789967077,1310871.0187837444
2019-05-31,851554.4657810701,1013474.3926492896,1316719.294490819
2019-06-01,867641.1365838201,1030056.3964424304,1334584.795402178
2019-07-01,868330.12121101,1030859.6699758011,1339940.3206222542
2019-08-01,879790.33390027,1043542.4938298365,1349309.9251368665
2019-09-01,879604.76714952,1044135.8141519856,1342499.6485200943
2019-10-01,877871.3243274101,1043064.1400403862,1344019.1143516512
2019-11-01,880771.97823888,1046410.4843115755,1344353.034213908
2019-12-01,911825.0643195,1078346.8963702978,1370518.2551534872
2020-01-01,901990.4416691901,1069640.2163992606,1350550.1018476696
2020-02-01,900564.27976025,1068604.7489994646,1350752.6028899872
2020-03-01,927168.9929495901,1093610.0220569868,1381619.7198121164
2020-04-01,930545.59850689,1097707.3217510136,1390569.4100986598
2020-05-02,950230.25671348,1118736.0191019978,1409609.1594317835
2020-06-01,978052.17022402,1144357.5747194968,1435072.9710757872
2020-07-02,988795.18006668,1155665.5437043023,1441721.6434084373
2020-08-03,981457.1532177101,1149273.2105047726,1431201.8163462514
2020-09-04,992546.33356399,1160903.335762456,1444883.4029594194
2020-10-01,990362.86818261,1159159.3340057312,1442106.8933126484
2020-11-28,995117.3002123401,1164079.9466062805,1448334.826967891
2020-12-29,1019382.2885543699,1188754.5086515967,1485118.133004469
2021-01-01,1012397.5987291001,1182577.7046810363,1476456.0731330193
2021-02-02,1009241.7905951501,1180144.8826261195,1474796.9536195653
2021-03-03,1016612.7336190899,1187893.6739051936,1486469.8771010123
2021-04-01,1016677.61300231,1188513.7588120946,1494195.8043917692
2021-05-02,1024206.0309446601,1196472.0804211127,1505641.7388832239
2021-06-02,1042969.27744066,1214726.5993208308,1541708.4541070322
2021-07-03,1048993.7368016602,1222002.129988565,1540934.2480208776
2021-08-04,1052398.31448867,1225271.642750034,1538620.1669129888
2021-09-02,1058406.318766,1231818.2295422694,1551352.9473668274
2021-10-01,1053447.8530833,1226937.416561409,1545555.0764137127
2021-11-02,1057226.67405824,1230481.6645233824,1551610.5045682243
2021-12-04,1086832.7646592201,1260987.6654569283,1560769.1882539429
2022-01-05,1076408.73469688,1250996.2614229333,1553243.9737797403
2022-02-06,1071514.64230372,1246378.024711126,1555829.6606844203
2022-03-10,1094002.6321918298,1269223.5354350014,1580511.8625572508
2022-04-11,1094508.38821552,1270569.6878336677,1573604.3717646925
2022-05-13,1101211.3080537398,1277411.4269064376,1580157.0984250926
2022-06-14,1121993.33976813,1297961.6027128547,1609172.0953300237
2022-07-16,1127783.4734117002,1304701.9239827797,1607879.3410479522
2022-08-17,1128693.47902984,1305964.4808504477,1622868.8105376158
2022-09-18,1137850.77076405,1315852.913171433,1614529.673086724
2022-10-19,1140213.6328357398,1318682.0518887455,1622301.137452748
2022-11-14,1151346.5480487803,1329615.1528891688,1655930.2253625172
2022-12-18,1196874.7979518499,1376051.0582248045,1686388.586681165
